{
  "meta_title": "",
  "meta_description": "",
  "sections": [
    {
      "type": "responsive-banner",
      "img": "/img/uploads/pimentas.png",
      "link": "https://www.mspepe.com.br/pimentas",
      "mobile_img": "/img/uploads/design-sem-nome.png"
    },
    {
      "type": "collection-shelf",
      "shuffle": true,
      "collection_id": "60944d30170b4755aec7fe92:categories:Pimentas:/pimentas",
      "limit": 12,
      "page": 1,
      "sort": "views",
      "title": "Molhos para todos os gostos!",
      "link": "https://www.mspepe.com.br/pimentas"
    },
    {
      "type": "banners-grid",
      "banners": [
        {
          "img": "/img/uploads/azeites.png",
          "link": "https://www.mspepe.com.br/azeites"
        },
        {
          "img": "/img/uploads/molhos-e-condimentos.png",
          "link": "https://www.mspepe.com.br/molhos-e-condimentos"
        }
      ]
    },
    {
      "type": "collection-shelf",
      "shuffle": true,
      "limit": 12,
      "page": 1,
      "collection_id": "6203f0ff7963422eeef611fd:categories:Azeites:/azeites",
      "sort": "news",
      "title": "Azeites de Oliva Extra Virgem",
      "link": "https://www.mspepe.com.br/azeites"
    },
    {
      "type": "responsive-banner",
      "img": "/img/uploads/cachac-as.png",
      "link": "https://www.mspepe.com.br/cachacas",
      "mobile_img": "/img/uploads/banner-principal-mobile.png"
    },
    {
      "type": "collection-shelf",
      "shuffle": true,
      "limit": 12,
      "page": 1,
      "collection_id": "627589f43da6d37bc22434f9:categories:Cachaças:/cachacas",
      "sort": "sales",
      "title": "O líquido sagrado: cachaça!!!",
      "link": "https://www.mspepe.com.br/cachacas"
    }
  ]
}